Num_barriers,100
Num_thread,GAT,GACT,GCCT,GSP,EBGSP,EBGAT,GBGSP,GBGAT,LBGSP,LBGAT
2,0.000000,0.000000,0.000000,37,1,0.000081,1,0.000062,1,0.000062
4,0.000001,0.000001,0.000000,193,4,0.000478,4,0.000365,3,0.000231
6,0.000004,0.000002,0.000000,1086,7,0.000705,7,0.000726,5,0.000334
8,0.000008,0.000005,0.000000,1035,11,0.001112,10,0.000982,7,0.000476
