Num_barriers,100
Num_thread,GAT,GACT,GCCT,GSP,EBGSP,EBGAT,GBGSP,GBGAT,LBGSP,LBGAT
2,0.000000,0.000000,0.000000,42,1,0.000052,1,0.000052,1,0.000052
4,0.000005,0.000003,0.000001,194,3,0.000164,3,0.000164,3,0.000209
6,0.000004,0.000003,0.000000,524,5,0.000267,5,0.000273,5,0.000291
8,0.000008,0.000005,0.000000,1014,7,0.000382,7,0.000378,8,0.000466
