Num_barriers,100
Num_thread,GAT,GACT,GCCT,GSP,EBGSP,EBGAT,GBGSP,GBGAT,LBGSP,LBGAT
2,0.000000,0.000000,0.000000,37,1,0.000053,1,0.000053,1,0.000108
4,0.000002,0.000001,0.000000,214,3,0.000164,3,0.000165,3,0.000194
6,0.000006,0.000004,0.000000,538,5,0.000283,5,0.000279,5,0.000339
8,0.000566,0.000005,0.000000,1010,7,0.000374,7,0.000373,7,0.000371
