Num_barriers,100
Num_thread,GAT,GACT,GCCT,GSP,EBGSP,EBGAT,GBGSP,GBGAT,LBGSP,LBGAT
2,0.000001,0.000000,0.000000,32,1,0.000059,1,0.000057,1,0.000067
4,0.000004,0.000001,0.000000,202,3,0.000167,3,0.000166,3,0.000206
6,0.000005,0.000003,0.000000,570,5,0.000268,5,0.000268,6,0.000342
8,0.000660,0.000005,0.000000,1171,7,0.000376,7,0.000377,8,0.000461
